Section,Rail,Ref,Ref_Class,RefNumber,Value,Voltage Rating,Footprint-Solderable,Footprint-PCBWay,Type,Qty,Temp Rating,Manufacturer,Manufacturer PN (Solderable),DigiKey PN (Solderable),Manufacturer PN (PCBWay),DigiKey PN (PCBWay),Notes
AC-Power,AC_110V,WirePad1,WirePad,1,LOAD (L) 16ga,N/A,Through-hole pad,Through-hole pad,Wire pad,1,N/A,N/A,N/A,N/A,N/A,N/A,AC Line input
AC-Power,AC_110V,WirePad2,WirePad,2,NEUTRAL (N) 16ga,N/A,Through-hole pad,Through-hole pad,Wire pad,1,N/A,N/A,N/A,N/A,N/A,N/A,AC Neutral input
AC-Power,AC_110V,F1,F,1,2A,300V,Through-hole,Through-hole,Fuse,1,N/A,Eaton (Bussmann),SS-5H-2A-APH,SS-5H-2A-APH-ND,Same,Same,300V/2A slow-blow radial leaded
AC-Power,AC_110V,MOV1,MOV,1,14D561K,275Vac,Through-hole,Through-hole,Metal Oxide Varistor,1,-40C to 85C,Bourns,MOV-14D561K,MOV-14D561K-ND,Same,Same,560V clamping 14mm disc 4.5kA
AC-Power,AC_110V,C14,C,14,0.1uF,310V,Through-hole,Through-hole,X2 Safety Film Cap,1,-40C to 110C,KEMET,R46KF310000M1M,VERIFY ON DIGIKEY,Same,Same,X2 class metallized polypropylene
AC-Power,AC_110V,LF1,LF,1,Choke_CommonMode,N/A,Through-hole,Through-hole,Common Mode Choke,1,N/A,TBD,TBD,TBD,Same,Same,UU9.8 30mH min per datasheet
AC-Power,AC_110V,C15,C,15,470pF,250V,Through-hole,Through-hole,Y2 Safety Film Cap,1,-40C to 125C,Vishay,VY2471K29Y5SS63V7,BC2352-ND,Same,Same,Y2 rated 300VAC disc ceramic
AC-Power,AC_110V,C16,C,16,470pF,250V,Through-hole,Through-hole,Y2 Safety Film Cap,1,-40C to 125C,Vishay,VY2471K29Y5SS63V7,BC2352-ND,Same,Same,Y2 rated 300VAC disc ceramic
AC-Power,AC_110V,C17,C,17,15uF,450V,Through-hole,Through-hole,Aluminum Electrolytic,1,-40C to 105C,Rubycon,450BXG15MEFC10X20,1189-450BXG15MEFC10X20-ND,Same,Same,Input bulk cap for PS1 - 10000hrs@105C radial can 10x22mm
AC-Power,+12V,PS1,PS,1,PBO-5F-12,N/A,Through-hole SIP,Through-hole SIP,AC-DC Power Supply,1,-40C to 85C,Bel/CUI,PBO-5F-12,VERIFY - MAY NEED DIRECT ORDER,Same,Same,12V 420mA 5W
AC-Power,+12V,D1,D,1,SMBJ20A,20V standoff,DO-214AA (SMD),DO-214AA (SMD),TVS Diode,1,-55C to 150C,Littelfuse,SMBJ20A,SMBJ20ALFCT-ND,Same,Same,Unidirectional overvoltage clamp for 12V
AC-Power,+12V,C18,C,18,1000pF,400V,Through-hole,Through-hole,Y2 Safety Film Cap,1,-40C to 125C,Vishay,VY2102M29Y5US63V7,BC2354-ND,Same,Same,Y2 rated 300VAC disc ceramic
AC-Power,+12V,L1,L,1,2.2uH,N/A,Through-hole,SMD,Power Inductor,1,N/A,Bourns,RLB9012-2R2ML,RLB9012-2R2ML-ND,TBD SMD equiv,VERIFY ON DIGIKEY,2.2uH - need SMD inductor PN for PCBWay
AC-Power,+12V,C19,C,19,470uF,25V,Through-hole radial,Through-hole radial,Solid Polymer Aluminum Electrolytic,1,-55C to 105C,KEMET,A750MS477M1EAAE015,VERIFY ON DIGIKEY,Same,Same,15mOhm ESR D10xL13mm
AC-Power,+12V,C20,C,20,220uF,35V,Through-hole radial,Through-hole radial,Solid Polymer Aluminum Electrolytic,1,-55C to 105C,TBD,TBD,VERIFY ON DIGIKEY,Same,Same,Search DigiKey parametric: polymer 220uF 35V THT
TPS562201DDCR,+12V,C32,C,32,10uF,25V,1206,0805,X7R Ceramic MLCC,1,-55C to 125C,KEMET,C1206C106K3RACTU,399-7442-1-ND,C0805C106K3RACTU,VERIFY ON DIGIKEY,Input decoupling - verify 10uF 25V available in 0805
TPS562201DDCR,+12V,C33,C,33,0.1uF,25V,0805,0603,X7R Ceramic MLCC,1,-55C to 125C,KEMET,C0805C104K5RACTU,399-1170-1-ND,C0603C104K5RACTU,VERIFY ON DIGIKEY,High-frequency input bypass (rated 50V)
TPS562201DDCR,+3.3V,PS2,PS,2,TPS562201DDCR,17V max input,SOT-23-6,SOT-23-6,Buck Converter IC,1,-40C to 150C,Texas Instruments,TPS562201DDCR,296-44397-1-ND,Same,Same,8.5-17V in 3.3V @ 2A out
TPS562201DDCR,+3.3V,C34,C,34,100nF,25V,0805,0603,X7R Ceramic MLCC,1,-55C to 125C,KEMET,C0805C104K5RACTU,399-1170-1-ND,C0603C104K5RACTU,VERIFY ON DIGIKEY,Bootstrap cap VBST to SW
TPS562201DDCR,+12V,R15,R,15,100K,N/A,0805,0603,Resistor 1%,1,N/A,Stackpole,RMCF0805FT100K,RMCF0805FT100KTR-ND,RMCF0603FT100K,VERIFY ON DIGIKEY,EN pullup to VIN
TPS562201DDCR,+3.3V,L2,L,2,3.3uH,N/A,Wurth 744311330,Wurth 744311330,Shielded Power Inductor,1,-40C to 125C,Wurth Elektronik,744311330,732-1152-1-ND,Same,Same,>=2A saturation current low DCR
TPS562201DDCR,+3.3V,R16,R,16,33.2K,N/A,0805,0603,Resistor 1%,1,N/A,Yageo,RC0805FR-0733K2L,311-33.2KCRCT-ND,RC0603FR-0733K2L,VERIFY ON DIGIKEY,Feedback divider upper
TPS562201DDCR,+3.3V,R17,R,17,10K,N/A,0805,0603,Resistor 1%,1,N/A,Yageo,RC0805FR-0710KL,311-10.0KCRCT-ND,RC0603FR-0710KL,VERIFY ON DIGIKEY,Feedback divider lower
TPS562201DDCR,+3.3V,C35,C,35,22uF,16V,1206,1206,X7R Ceramic MLCC,1,-55C to 125C,Murata,GRM31CZ71C226ME15L,VERIFY ON DIGIKEY,Same,Same,Output cap low ESR - 22uF stays 1206
TPS562201DDCR,+3.3V,C36,C,36,22uF,16V,1206,1206,X7R Ceramic MLCC,1,-55C to 125C,Murata,GRM31CZ71C226ME15L,VERIFY ON DIGIKEY,Same,Same,Output cap low ESR - 22uF stays 1206
TPS562201DDCR,+3.3V,C37,C,37,22uF,16V,1206,1206,X7R Ceramic MLCC,1,-55C to 125C,Murata,GRM31CZ71C226ME15L,VERIFY ON DIGIKEY,Same,Same,Output cap low ESR - 22uF stays 1206
Grill-Igniter,AC_110V,WirePad3,WirePad,3,IGNITER 16ga,N/A,Through-hole pad,Through-hole pad,Wire pad,1,N/A,N/A,N/A,N/A,N/A,N/A,AC load connection
Grill-Igniter,AC_110V,R6,R,6,200,N/A,0805,0603,Resistor 1%,1,N/A,Yageo,RC0805FR-07200RL,311-200CRCT-ND,RC0603FR-07200RL,VERIFY ON DIGIKEY,Snubber resistor across triac
Grill-Igniter,AC_110V,C11,C,11,0.22uF,400V,Through-hole,Through-hole,Film Cap,1,-40C to 105C,TDK/EPCOS,B32561J6224K000,495-6846-ND,Same,Same,Metallized polyester snubber cap
Grill-Igniter,AC_110V,T1,T,1,BTA12-600BWRG,600V,Through-hole TO-220,Through-hole TO-220,Triac,1,-40C to 125C,STMicroelectronics,BTA12-600BWRG,497-3121-5-ND,Same,Same,12A 600V
Grill-Igniter,AC_110V,R7,R,7,22,N/A,0805,0603,Resistor 1%,1,N/A,Yageo,RC0805FR-0722RL,311-22.0CRCT-ND,RC0603FR-0722RL,VERIFY ON DIGIKEY,Gate resistor
Grill-Igniter,AC_110V,U1,U,1,MOC3063M,N/A,Through-hole DIP-6,Through-hole DIP-6,Optocoupler,1,-40C to 85C,onsemi,MOC3063M,MOC3063M-ND,Same,Same,Zero-cross triac output
Grill-Igniter,+3.3V,R8,R,8,200,N/A,0805,0603,Resistor 1%,1,N/A,Yageo,RC0805FR-07200RL,311-200CRCT-ND,RC0603FR-07200RL,VERIFY ON DIGIKEY,LED current limit - 200ohm for -40C margin per MOC3063M datasheet Fig 4
Grill-Auger,AC_110V,WirePad4,WirePad,4,AUGER 16ga,N/A,Through-hole pad,Through-hole pad,Wire pad,1,N/A,N/A,N/A,N/A,N/A,N/A,AC load connection
Grill-Auger,AC_110V,R9,R,9,200,N/A,0805,0603,Resistor 1%,1,N/A,Yageo,RC0805FR-07200RL,311-200CRCT-ND,RC0603FR-07200RL,VERIFY ON DIGIKEY,Snubber resistor across triac
Grill-Auger,AC_110V,C12,C,12,0.22uF,400V,Through-hole,Through-hole,Film Cap,1,-40C to 105C,TDK/EPCOS,B32561J6224K000,495-6846-ND,Same,Same,Metallized polyester snubber cap
Grill-Auger,AC_110V,T2,T,2,BTA12-600BWRG,600V,Through-hole TO-220,Through-hole TO-220,Triac,1,-40C to 125C,STMicroelectronics,BTA12-600BWRG,497-3121-5-ND,Same,Same,12A 600V
Grill-Auger,AC_110V,R10,R,10,22,N/A,0805,0603,Resistor 1%,1,N/A,Yageo,RC0805FR-0722RL,311-22.0CRCT-ND,RC0603FR-0722RL,VERIFY ON DIGIKEY,Gate resistor
Grill-Auger,AC_110V,U7,U,7,MOC3063M,N/A,Through-hole DIP-6,Through-hole DIP-6,Optocoupler,1,-40C to 85C,onsemi,MOC3063M,MOC3063M-ND,Same,Same,Zero-cross triac output
Grill-Auger,+3.3V,R11,R,11,200,N/A,0805,0603,Resistor 1%,1,N/A,Yageo,RC0805FR-07200RL,311-200CRCT-ND,RC0603FR-07200RL,VERIFY ON DIGIKEY,LED current limit - 200ohm for -40C margin per MOC3063M datasheet Fig 4
Grill-Fan,AC_110V,WirePad5,WirePad,5,FAN 16ga,N/A,Through-hole pad,Through-hole pad,Wire pad,1,N/A,N/A,N/A,N/A,N/A,N/A,AC load connection
Grill-Fan,AC_110V,R12,R,12,200,N/A,0805,0603,Resistor 1%,1,N/A,Yageo,RC0805FR-07200RL,311-200CRCT-ND,RC0603FR-07200RL,VERIFY ON DIGIKEY,Snubber resistor across triac
Grill-Fan,AC_110V,C13,C,13,0.22uF,400V,Through-hole,Through-hole,Film Cap,1,-40C to 105C,TDK/EPCOS,B32561J6224K000,495-6846-ND,Same,Same,Metallized polyester snubber cap
Grill-Fan,AC_110V,T4,T,4,BTA12-600BWRG,600V,Through-hole TO-220,Through-hole TO-220,Triac,1,-40C to 125C,STMicroelectronics,BTA12-600BWRG,497-3121-5-ND,Same,Same,12A 600V
Grill-Fan,AC_110V,R13,R,13,22,N/A,0805,0603,Resistor 1%,1,N/A,Yageo,RC0805FR-0722RL,311-22.0CRCT-ND,RC0603FR-0722RL,VERIFY ON DIGIKEY,Gate resistor
Grill-Fan,AC_110V,U8,U,8,MOC3063M,N/A,Through-hole DIP-6,Through-hole DIP-6,Optocoupler,1,-40C to 85C,onsemi,MOC3063M,MOC3063M-ND,Same,Same,Zero-cross triac output
Grill-Fan,+3.3V,R14,R,14,200,N/A,0805,0603,Resistor 1%,1,N/A,Yageo,RC0805FR-07200RL,311-200CRCT-ND,RC0603FR-07200RL,VERIFY ON DIGIKEY,LED current limit - 200ohm for -40C margin per MOC3063M datasheet Fig 4
MAX31865-Grill,+3.3V,C21,C,21,0.1uF,16V,0805,0603,X7R Ceramic MLCC,1,-55C to 125C,Yageo,CC0805KRX7R7BB104,311-1142-1-ND,CC0603KRX7R7BB104,VERIFY ON DIGIKEY,Decoupling cap
MAX31865-Grill,+3.3V,MAX1,MAX,1,MAX31865,N/A,SMD TQFN-20,SMD TQFN-20,RTD-to-Digital Converter,1,-50C to 125C,Analog Devices,MAX31865ATP+,MAX31865ATP+-ND,Same,Same,Grill_Temp
MAX31865-Grill,+3.3V,R1,R,1,430,N/A,0805,0603,Resistor 0.1%,1,N/A,Vishay Dale,TNPW0805430RBEEA,VERIFY ON DIGIKEY,TNPW0603430RBEEA,VERIFY ON DIGIKEY,RREF for PT100 - verify 430ohm vs 400ohm for your RTD type
MAX31865-Grill,+3.3V,C1,C,1,0.22uF,16V,0805,0603,X7R Ceramic MLCC,1,-55C to 125C,Yageo,CC0805KRX7R7BB224,VERIFY ON DIGIKEY,CC0603KRX7R7BB224,VERIFY ON DIGIKEY,Filter cap
MAX31865-Grill,+3.3V,C2,C,2,0.1uF,16V,0805,0603,X7R Ceramic MLCC,1,-55C to 125C,Yageo,CC0805KRX7R7BB104,311-1142-1-ND,CC0603KRX7R7BB104,VERIFY ON DIGIKEY,Bypass cap
MAX31865-Grill,+3.3V,J1,J,1,Connector,N/A,Through-hole,Through-hole,RTD Connector,1,N/A,TBD,TBD,TBD,Same,Same,Grill_Temp probe
MAX31865-Meat1,+3.3V,C22,C,22,0.1uF,16V,0805,0603,X7R Ceramic MLCC,1,-55C to 125C,Yageo,CC0805KRX7R7BB104,311-1142-1-ND,CC0603KRX7R7BB104,VERIFY ON DIGIKEY,Decoupling cap
MAX31865-Meat1,+3.3V,MAX2,MAX,2,MAX31865,N/A,SMD TQFN-20,SMD TQFN-20,RTD-to-Digital Converter,1,-50C to 125C,Analog Devices,MAX31865ATP+,MAX31865ATP+-ND,Same,Same,Meat1_Temp
MAX31865-Meat1,+3.3V,R2,R,2,430,N/A,0805,0603,Resistor 0.1%,1,N/A,Vishay Dale,TNPW0805430RBEEA,VERIFY ON DIGIKEY,TNPW0603430RBEEA,VERIFY ON DIGIKEY,RREF for PT100
MAX31865-Meat1,+3.3V,C3,C,3,0.22uF,16V,0805,0603,X7R Ceramic MLCC,1,-55C to 125C,Yageo,CC0805KRX7R7BB224,VERIFY ON DIGIKEY,CC0603KRX7R7BB224,VERIFY ON DIGIKEY,Filter cap
MAX31865-Meat1,+3.3V,C4,C,4,0.1uF,16V,0805,0603,X7R Ceramic MLCC,1,-55C to 125C,Yageo,CC0805KRX7R7BB104,311-1142-1-ND,CC0603KRX7R7BB104,VERIFY ON DIGIKEY,Bypass cap
MAX31865-Meat1,+3.3V,J2,J,2,Connector,N/A,Through-hole,Through-hole,RTD Connector,1,N/A,TBD,TBD,TBD,Same,Same,Meat1_Temp probe
MAX31865-Meat2,+3.3V,C23,C,23,0.1uF,16V,0805,0603,X7R Ceramic MLCC,1,-55C to 125C,Yageo,CC0805KRX7R7BB104,311-1142-1-ND,CC0603KRX7R7BB104,VERIFY ON DIGIKEY,Decoupling cap
MAX31865-Meat2,+3.3V,MAX3,MAX,3,MAX31865,N/A,SMD TQFN-20,SMD TQFN-20,RTD-to-Digital Converter,1,-50C to 125C,Analog Devices,MAX31865ATP+,MAX31865ATP+-ND,Same,Same,Meat2_Temp
MAX31865-Meat2,+3.3V,R3,R,3,430,N/A,0805,0603,Resistor 0.1%,1,N/A,Vishay Dale,TNPW0805430RBEEA,VERIFY ON DIGIKEY,TNPW0603430RBEEA,VERIFY ON DIGIKEY,RREF for PT100
MAX31865-Meat2,+3.3V,C5,C,5,0.22uF,16V,0805,0603,X7R Ceramic MLCC,1,-55C to 125C,Yageo,CC0805KRX7R7BB224,VERIFY ON DIGIKEY,CC0603KRX7R7BB224,VERIFY ON DIGIKEY,Filter cap
MAX31865-Meat2,+3.3V,C6,C,6,0.1uF,16V,0805,0603,X7R Ceramic MLCC,1,-55C to 125C,Yageo,CC0805KRX7R7BB104,311-1142-1-ND,CC0603KRX7R7BB104,VERIFY ON DIGIKEY,Bypass cap
MAX31865-Meat2,+3.3V,J3,J,3,Connector,N/A,Through-hole,Through-hole,RTD Connector,1,N/A,TBD,TBD,TBD,Same,Same,Meat2_Temp probe
MAX31865-Meat3,+3.3V,C24,C,24,0.1uF,16V,0805,0603,X7R Ceramic MLCC,1,-55C to 125C,Yageo,CC0805KRX7R7BB104,311-1142-1-ND,CC0603KRX7R7BB104,VERIFY ON DIGIKEY,Decoupling cap
MAX31865-Meat3,+3.3V,MAX4,MAX,4,MAX31865,N/A,SMD TQFN-20,SMD TQFN-20,RTD-to-Digital Converter,1,-50C to 125C,Analog Devices,MAX31865ATP+,MAX31865ATP+-ND,Same,Same,Meat3_Temp
MAX31865-Meat3,+3.3V,R4,R,4,430,N/A,0805,0603,Resistor 0.1%,1,N/A,Vishay Dale,TNPW0805430RBEEA,VERIFY ON DIGIKEY,TNPW0603430RBEEA,VERIFY ON DIGIKEY,RREF for PT100
MAX31865-Meat3,+3.3V,C7,C,7,0.22uF,16V,0805,0603,X7R Ceramic MLCC,1,-55C to 125C,Yageo,CC0805KRX7R7BB224,VERIFY ON DIGIKEY,CC0603KRX7R7BB224,VERIFY ON DIGIKEY,Filter cap
MAX31865-Meat3,+3.3V,C8,C,8,0.1uF,16V,0805,0603,X7R Ceramic MLCC,1,-55C to 125C,Yageo,CC0805KRX7R7BB104,311-1142-1-ND,CC0603KRX7R7BB104,VERIFY ON DIGIKEY,Bypass cap
MAX31865-Meat3,+3.3V,J4,J,4,Connector,N/A,Through-hole,Through-hole,RTD Connector,1,N/A,TBD,TBD,TBD,Same,Same,Meat3_Temp probe
MAX31865-Meat4,+3.3V,C25,C,25,0.1uF,16V,0805,0603,X7R Ceramic MLCC,1,-55C to 125C,Yageo,CC0805KRX7R7BB104,311-1142-1-ND,CC0603KRX7R7BB104,VERIFY ON DIGIKEY,Decoupling cap
MAX31865-Meat4,+3.3V,MAX5,MAX,5,MAX31865,N/A,SMD TQFN-20,SMD TQFN-20,RTD-to-Digital Converter,1,-50C to 125C,Analog Devices,MAX31865ATP+,MAX31865ATP+-ND,Same,Same,Meat4_Temp
MAX31865-Meat4,+3.3V,R5,R,5,430,N/A,0805,0603,Resistor 0.1%,1,N/A,Vishay Dale,TNPW0805430RBEEA,VERIFY ON DIGIKEY,TNPW0603430RBEEA,VERIFY ON DIGIKEY,RREF for PT100
MAX31865-Meat4,+3.3V,C9,C,9,0.22uF,16V,0805,0603,X7R Ceramic MLCC,1,-55C to 125C,Yageo,CC0805KRX7R7BB224,VERIFY ON DIGIKEY,CC0603KRX7R7BB224,VERIFY ON DIGIKEY,Filter cap
MAX31865-Meat4,+3.3V,C10,C,10,0.1uF,16V,0805,0603,X7R Ceramic MLCC,1,-55C to 125C,Yageo,CC0805KRX7R7BB104,311-1142-1-ND,CC0603KRX7R7BB104,VERIFY ON DIGIKEY,Bypass cap
MAX31865-Meat4,+3.3V,J5,J,5,Connector,N/A,Through-hole,Through-hole,RTD Connector,1,N/A,TBD,TBD,TBD,Same,Same,Meat4_Temp probe
ESP-LCD,+12V,PS3,PS,3,LM7805CT/NOPB,N/A,Through-hole TO-220,Through-hole TO-220,LDO Voltage Regulator,1,-40C to 125C,Texas Instruments,LM7805CT/NOPB,296-47192-ND,Same,Same,12V to 5V 1.5A for Grayhill
ESP-LCD,+12V,C28,C,28,0.22uF,25V,0805,0603,X7R Ceramic MLCC,1,-55C to 125C,Yageo,CC0805KRX7R8BB224,VERIFY ON DIGIKEY,CC0603KRX7R8BB224,VERIFY ON DIGIKEY,LDO input cap
ESP-LCD,+5.0V,C29,C,29,0.1uF,16V,0805,0603,X7R Ceramic MLCC,1,-55C to 125C,Yageo,CC0805KRX7R7BB104,311-1142-1-ND,CC0603KRX7R7BB104,VERIFY ON DIGIKEY,LDO output cap
ESP-LCD,+3.3V,ESP1,ESP,1,ESP32-WROOM-32E,N/A,SMD Module,SMD Module,MCU WiFi/BT Module,1,-40C to 85C,Espressif,ESP32-WROOM-32E-N4,1965-ESP32-WROOM-32E-N4-CT-ND,Same,Same,Main controller 4MB flash
ESP-LCD,+3.3V,LCD1,LCD,1,SPI TFT LCD,N/A,Through-hole/FPC,Through-hole/FPC,3.5 inch TFT Display,1,N/A,TBD,TBD,TBD,Same,Same,SPI interface
ESP-LCD,+5.0V,GN1,GN,1,b24C32-19-P,N/A,Through-hole,Through-hole,Grayhill Rotary Encoder,1,-40C to 70C,Grayhill,b24C32-19-P,VERIFY - PN NOT FOUND ON DIGIKEY,Same,Same,5V powered via PS3 - verify part number
