# PelletPirate V4 OTA partition table (16MB flash, ESP32-S3-N16R8)
# Two 3MB app slots (double the V2 squeeze — 1.49MB image fits with ~50%
# headroom) + ~9.9MB LittleFS for cook logs and profiles (~100+ long cooks
# at the 30s rate before rotation).
# NVS offset matches the V2 table so the layout convention stays uniform.
# Name,   Type, SubType, Offset,   Size
nvs,      data, nvs,     0x9000,   24K
otadata,  data, ota,     0xf000,   8K
phy_init, data, phy,     0x11000,  4K
ota_0,    app,  ota_0,   0x20000,  3M
ota_1,    app,  ota_1,   0x320000, 3M
storage,  data, spiffs,  0x620000, 0x9E0000
