0,0.12629
1.6e-07,0.11947
3.2e-07,0.11605
4.8e-07,0.10923
6.4e-07,0.1024
8e-07,0.098986
9.6e-07,0.092159
1.12e-06,0.088746
1.28e-06,0.085333
1.44e-06,0.085333
1.6e-06,0.078506
1.76e-06,0.075093
1.92e-06,0.075093
2.08e-06,0.068266
2.24e-06,0.061439
2.4e-06,0.068266
2.56e-06,0.058026
2.72e-06,0.0512
2.88e-06,0.0512
3.04e-06,0.044373
3.2e-06,0.037546
3.36e-06,0.027306
3.52e-06,0.027306
3.68e-06,0.02048
3.84e-06,0.013653
4e-06,0.01024
4.16e-06,0.0034133
4.32e-06,0.0068266
4.48e-06,0
4.64e-06,-0.01024
4.8e-06,-0.0068266
4.96e-06,-0.0034133
5.12e-06,-0.013653
5.28e-06,-0.017067
5.44e-06,-0.013653
5.6e-06,-0.02048
5.76e-06,-0.027306
5.92e-06,-0.03072
6.08e-06,-0.037546
6.24e-06,-0.044373
6.4e-06,-0.0512
6.56e-06,-0.054613
6.72e-06,-0.061439
6.88e-06,-0.068266
7.04e-06,-0.068266
7.2e-06,-0.071679
7.36e-06,-0.081919
7.52e-06,-0.081919
7.68e-06,-0.081919
7.84e-06,-0.092159
8e-06,-0.085333
8.16e-06,-0.092159
8.32e-06,-0.095572
8.48e-06,-0.098986
8.64e-06,-0.098986
8.8e-06,-0.10581
8.96e-06,-0.10923
9.12e-06,-0.11947
9.28e-06,-0.12288
9.44e-06,-0.12971
9.6e-06,-0.13312
9.76e-06,-0.13653
9.92e-06,-0.14677
1.008e-05,-0.15019
1.024e-05,-0.1536
1.04e-05,-0.1536
1.056e-05,-0.16043
1.072e-05,-0.16043
1.088e-05,-0.16384
1.104e-05,-0.16384
1.12e-05,-0.17408
1.136e-05,-0.1809
1.152e-05,-0.17749
1.168e-05,-0.15701
1.184e-05,-0.17067
1.2e-05,0.023893
1.216e-05,0.23552
1.232e-05,0.19797
1.248e-05,0.17749
1.264e-05,0.16384
1.28e-05,0.16384
1.296e-05,0.15701
1.312e-05,0.15701
1.328e-05,0.14336
1.344e-05,0.14336
1.36e-05,0.13653
1.376e-05,0.13653
1.392e-05,0.13312
1.408e-05,0.13653
1.424e-05,0.12971
1.44e-05,0.12971
1.456e-05,0.11605
1.472e-05,0.11947
1.488e-05,0.11264
1.504e-05,0.10923
1.52e-05,0.10581
1.536e-05,0.095572
1.552e-05,0.088746
1.568e-05,0.078506
1.584e-05,0.081919
1.6e-05,0.071679
1.616e-05,0.068266
1.632e-05,0.064853
1.648e-05,0.061439
1.664e-05,0.04096
1.68e-05,0.054613
1.696e-05,0.047786
1.712e-05,0.0512
1.728e-05,0.044373
1.744e-05,0.044373
1.76e-05,0.03072
1.776e-05,0.034133
1.792e-05,0.03072
1.808e-05,0.02048
1.824e-05,0.02048
1.84e-05,0.01024
1.856e-05,0.0034133
1.872e-05,0
1.888e-05,-0.0068266
1.904e-05,-0.0068266
1.92e-05,-0.013653
1.936e-05,-0.017067
1.952e-05,-0.023893
1.968e-05,-0.023893
1.984e-05,-0.027306
2e-05,-0.054613
2.016e-05,-0.037546
2.032e-05,-0.037546
2.048e-05,-0.044373
2.064e-05,-0.054613
2.08e-05,-0.044373
2.096e-05,-0.054613
2.112e-05,-0.054613
2.128e-05,-0.054613
2.144e-05,-0.064853
2.16e-05,-0.075093
2.176e-05,-0.081919
2.192e-05,-0.081919
2.208e-05,-0.088746
2.224e-05,-0.092159
2.24e-05,-0.095572
2.256e-05,-0.1024
2.272e-05,-0.10581
2.288e-05,-0.10923
2.304e-05,-0.10923
2.32e-05,-0.10923
2.336e-05,-0.11605
2.352e-05,-0.12288
2.368e-05,-0.12288
2.384e-05,-0.12288
2.4e-05,-0.12971
2.416e-05,-0.13653
2.432e-05,-0.12971
2.448e-05,-0.14336
2.464e-05,-0.15019
2.48e-05,-0.15701
2.496e-05,-0.16384
2.512e-05,-0.16725
2.528e-05,-0.17408
2.544e-05,-0.17749
2.56e-05,-0.17749
2.576e-05,-0.18432
2.592e-05,-0.19114
2.608e-05,-0.037546
2.624e-05,0.31402
2.64e-05,0.17749
2.656e-05,0.17408
2.672e-05,0.19456
2.688e-05,0.1809
2.704e-05,0.17408
2.72e-05,0.16725
2.736e-05,0.16043
2.752e-05,0.16043
2.768e-05,0.15019
2.784e-05,0.13995
2.8e-05,0.13653
2.816e-05,0.12971
2.832e-05,0.12288
2.848e-05,0.11947
2.864e-05,0.11947
2.88e-05,0.11264
2.896e-05,0.10581
2.912e-05,0.10581
2.928e-05,0.098986
2.944e-05,0.1024
2.96e-05,0.095572
2.976e-05,0.088746
2.992e-05,0.085333
3.008e-05,0.081919
3.024e-05,0.081919
3.04e-05,0.071679
3.056e-05,0.068266
3.072e-05,0.064853
3.088e-05,0.058026
3.104e-05,0.054613
3.12e-05,0.047786
3.136e-05,0.04096
3.152e-05,0.034133
3.168e-05,0.034133
3.184e-05,0.027306
3.2e-05,0.017067
3.216e-05,0.023893
3.232e-05,0.02048
3.248e-05,0.017067
3.264e-05,0.02048
3.28e-05,0.01024
3.296e-05,0
3.312e-05,0.0068266
3.328e-05,0
3.344e-05,-0.013653
3.36e-05,-0.0068266
3.376e-05,-0.01024
3.392e-05,-0.02048
3.408e-05,-0.03072
3.424e-05,-0.03072
3.44e-05,-0.037546
3.456e-05,-0.044373
3.472e-05,-0.044373
3.488e-05,-0.0512
3.504e-05,-0.058026
3.52e-05,-0.058026
3.536e-05,-0.061439
3.552e-05,-0.061439
3.568e-05,-0.061439
3.584e-05,-0.075093
3.6e-05,-0.071679
3.616e-05,-0.075093
3.632e-05,-0.081919
3.648e-05,-0.085333
3.664e-05,-0.085333
3.68e-05,-0.095572
3.696e-05,-0.1024
3.712e-05,-0.098986
3.728e-05,-0.11605
3.744e-05,-0.11605
3.76e-05,-0.12288
3.776e-05,-0.12971
3.792e-05,-0.13312
3.808e-05,-0.13312
3.824e-05,-0.13653
3.84e-05,-0.14336
3.856e-05,-0.14336
3.872e-05,-0.13653
3.888e-05,-0.15019
3.904e-05,-0.14336
3.92e-05,-0.1536
3.936e-05,-0.16043
3.952e-05,-0.16043
3.968e-05,-0.16043
3.984e-05,-0.18773
4e-05,-0.1809
4.016e-05,-0.18432
4.032e-05,0.22186
4.048e-05,-0.13312
4.064e-05,0.16043
4.08e-05,0.19456
4.096e-05,0.17749
4.112e-05,0.16725
4.128e-05,0.16043
4.144e-05,0.16725
4.16e-05,0.16043
4.176e-05,0.15701
4.192e-05,0.1536
4.208e-05,0.1536
4.224e-05,0.13653
4.24e-05,0.13995
4.256e-05,0.13653
4.272e-05,0.12971
4.288e-05,0.12288
4.304e-05,0.11947
4.32e-05,0.10923
4.336e-05,0.10581
4.352e-05,0.098986
4.368e-05,0.092159
4.384e-05,0.088746
4.4e-05,0.085333
4.416e-05,0.078506
4.432e-05,0.075093
4.448e-05,0.075093
4.464e-05,0.075093
4.48e-05,0.071679
4.496e-05,0.0512
4.512e-05,0.061439
4.528e-05,0.047786
4.544e-05,0.058026
4.56e-05,0.054613
4.576e-05,0.044373
4.592e-05,0.0512
4.608e-05,0.037546
4.624e-05,0.027306
4.64e-05,0.027306
4.656e-05,0.017067
4.672e-05,0.013653
4.688e-05,0.01024
4.704e-05,0.0034133
4.72e-05,0
4.736e-05,-0.0034133
4.752e-05,-0.0068266
4.768e-05,-0.01024
4.784e-05,-0.01024
4.8e-05,-0.013653
4.816e-05,-0.023893
4.832e-05,-0.027306
4.848e-05,-0.02048
4.864e-05,-0.027306
4.88e-05,-0.037546
4.896e-05,-0.03072
4.912e-05,-0.047786
4.928e-05,-0.0512
4.944e-05,-0.054613
4.96e-05,-0.061439
4.976e-05,-0.064853
4.992e-05,-0.071679
5.008e-05,-0.078506
5.024e-05,-0.071679
5.04e-05,-0.078506
5.056e-05,-0.092159
5.072e-05,-0.092159
5.088e-05,-0.092159
5.104e-05,-0.092159
5.12e-05,-0.092159
5.136e-05,-0.098986
5.152e-05,-0.1024
5.168e-05,-0.10923
5.184e-05,-0.11605
5.2e-05,-0.11605
5.216e-05,-0.11947
5.232e-05,-0.12971
5.248e-05,-0.13995
5.264e-05,-0.13995
5.28e-05,-0.14336
5.296e-05,-0.1536
5.312e-05,-0.15701
5.328e-05,-0.16384
5.344e-05,-0.16384
5.36e-05,-0.16725
5.376e-05,-0.16384
5.392e-05,-0.17067
5.408e-05,-0.17067
5.424e-05,-0.1809
5.44e-05,-0.13995
5.456e-05,-0.085333
5.472e-05,0.19797
5.488e-05,0.24576
5.504e-05,0.19456
5.52e-05,0.17067
5.536e-05,0.17067
5.552e-05,0.16384
5.568e-05,0.15701
5.584e-05,0.14336
5.6e-05,0.15019
5.616e-05,0.14336
5.632e-05,0.13653
5.648e-05,0.13653
5.664e-05,0.12971
5.68e-05,0.12629
5.696e-05,0.11947
5.712e-05,0.12288
5.728e-05,0.11605
5.744e-05,0.11605
5.76e-05,0.10581
5.776e-05,0.11605
5.792e-05,0.1024
5.808e-05,0.095572
5.824e-05,0.092159
5.84e-05,0.088746
5.856e-05,0.081919
5.872e-05,0.075093
5.888e-05,0.064853
5.904e-05,0.064853
5.92e-05,0.061439
5.936e-05,0.058026
5.952e-05,0.0512
5.968e-05,0.04096
5.984e-05,0.047786
6e-05,0.04096
6.016e-05,0.037546
6.032e-05,0.037546
6.048e-05,0.027306
6.064e-05,0.02048
6.08e-05,0.03072
6.096e-05,0.02048
6.112e-05,0.013653
6.128e-05,0.013653
6.144e-05,0.0068266
6.16e-05,0
6.176e-05,-0.0068266
6.192e-05,-0.01024
6.208e-05,-0.017067
6.224e-05,-0.023893
6.24e-05,-0.027306
6.256e-05,-0.03072
6.272e-05,-0.03072
6.288e-05,-0.04096
6.304e-05,-0.037546
6.32e-05,-0.04096
6.336e-05,-0.047786
6.352e-05,-0.054613
6.368e-05,-0.054613
6.384e-05,-0.054613
6.4e-05,-0.058026
6.416e-05,-0.061439
6.432e-05,-0.061439
6.448e-05,-0.075093
6.464e-05,-0.081919
6.48e-05,-0.085333
6.496e-05,-0.088746
6.512e-05,-0.095572
6.528e-05,-0.098986
6.544e-05,-0.098986
6.56e-05,-0.10923
6.576e-05,-0.11264
6.592e-05,-0.11605
6.608e-05,-0.11947
6.624e-05,-0.12629
6.64e-05,-0.12288
6.656e-05,-0.12971
6.672e-05,-0.12629
6.688e-05,-0.13312
6.704e-05,-0.13653
6.72e-05,-0.14336
6.736e-05,-0.15019
6.752e-05,-0.1536
6.768e-05,-0.16043
6.784e-05,-0.16725
6.8e-05,-0.17067
6.816e-05,-0.17408
6.832e-05,-0.1809
6.848e-05,-0.18432
6.864e-05,-0.098986
6.88e-05,-0.16725
6.896e-05,0.16043
6.912e-05,0.16725
6.928e-05,0.17067
6.944e-05,0.18432
6.96e-05,0.1809
6.976e-05,0.17067
6.992e-05,0.16384
7.008e-05,0.16384
7.024e-05,0.15701
7.04e-05,0.1536
7.056e-05,0.14677
7.072e-05,0.13995
7.088e-05,0.12629
7.104e-05,0.12629
7.12e-05,0.12288
7.136e-05,0.11947
7.152e-05,0.11605
7.168e-05,0.10581
7.184e-05,0.098986
7.2e-05,0.095572
7.216e-05,0.1024
7.232e-05,0.095572
7.248e-05,0.092159
7.264e-05,0.095572
7.28e-05,0.081919
7.296e-05,0.078506
7.312e-05,0.078506
7.328e-05,0.068266
7.344e-05,0.071679
7.36e-05,0.064853
7.376e-05,0.058026
7.392e-05,0.054613
7.408e-05,0.047786
7.424e-05,0.04096
7.44e-05,0.037546
7.456e-05,0.03072
7.472e-05,0.027306
7.488e-05,0.017067
7.504e-05,0.013653
7.52e-05,0.01024
7.536e-05,0.01024
7.552e-05,0.0034133
7.568e-05,0.01024
7.584e-05,0
7.6e-05,0.0034133
7.616e-05,0
7.632e-05,-0.01024
7.648e-05,-0.017067
7.664e-05,-0.017067
7.68e-05,-0.013653
7.696e-05,-0.027306
7.712e-05,-0.034133
7.728e-05,-0.044373
7.744e-05,-0.044373
7.76e-05,-0.0512
7.776e-05,-0.058026
7.792e-05,-0.061439
7.808e-05,-0.064853
7.824e-05,-0.071679
7.84e-05,-0.071679
7.856e-05,-0.078506
7.872e-05,-0.075093
7.888e-05,-0.078506
7.904e-05,-0.075093
7.92e-05,-0.085333
7.936e-05,-0.085333
7.952e-05,-0.092159
7.968e-05,-0.1024
7.984e-05,-0.1024
8e-05,-0.11264
8.016e-05,-0.11605
8.032e-05,-0.11947
8.048e-05,-0.12629
8.064e-05,-0.13653
8.08e-05,-0.13995
8.096e-05,-0.14336
8.112e-05,-0.13995
8.128e-05,-0.14677
8.144e-05,-0.14677
8.16e-05,-0.15701
8.176e-05,-0.15701
8.192e-05,-0.15701
8.208e-05,-0.16725
8.224e-05,-0.17749
8.24e-05,-0.16384
8.256e-05,-0.17408
8.272e-05,-0.098986
8.288e-05,0.33109
8.304e-05,0.1536
8.32e-05,0.19797
8.336e-05,0.18773
8.352e-05,0.18773
8.368e-05,0.17408
8.384e-05,0.16725
8.4e-05,0.16043
8.416e-05,0.16043
8.432e-05,0.15019
8.448e-05,0.14336
8.464e-05,0.14336
8.48e-05,0.13995
8.496e-05,0.13995
8.512e-05,0.12971
8.528e-05,0.12629
8.544e-05,0.12288
8.56e-05,0.11605
8.576e-05,0.11605
8.592e-05,0.11605
8.608e-05,0.10581
8.624e-05,0.098986
8.64e-05,0.098986
8.656e-05,0.085333
8.672e-05,0.085333
8.688e-05,0.075093
8.704e-05,0.071679
8.72e-05,0.071679
8.736e-05,0.061439
8.752e-05,0.061439
8.768e-05,0.054613
8.784e-05,0.0512
8.8e-05,0.054613
8.816e-05,0.044373
8.832e-05,0.0512
8.848e-05,0.037546
8.864e-05,0.037546
8.88e-05,0.03072
8.896e-05,0.03072
8.912e-05,0.027306
8.928e-05,0.02048
8.944e-05,0.01024
8.96e-05,0.0034133
8.976e-05,0.0068266
8.992e-05,-0.0034133
9.008e-05,-0.013653
9.024e-05,-0.017067
9.04e-05,-0.017067
9.056e-05,-0.02048
9.072e-05,-0.023893
9.088e-05,-0.03072
9.104e-05,-0.03072
9.12e-05,-0.037546
9.136e-05,-0.034133
9.152e-05,-0.04096
9.168e-05,-0.037546
9.184e-05,-0.047786
9.2e-05,-0.0512
9.216e-05,-0.054613
9.232e-05,-0.061439
9.248e-05,-0.075093
9.264e-05,-0.071679
9.28e-05,-0.078506
9.296e-05,-0.085333
9.312e-05,-0.092159
9.328e-05,-0.098986
9.344e-05,-0.1024
9.36e-05,-0.10581
9.376e-05,-0.10581
9.392e-05,-0.10923
9.408e-05,-0.10923
9.424e-05,-0.11264
9.44e-05,-0.11605
9.456e-05,-0.13312
9.472e-05,-0.12288
9.488e-05,-0.12971
9.504e-05,-0.13995
9.52e-05,-0.11605
9.536e-05,-0.14336
9.552e-05,-0.14677
9.568e-05,-0.15701
9.584e-05,-0.15701
9.6e-05,-0.16384
9.616e-05,-0.17067
9.632e-05,-0.17067
9.648e-05,-0.17408
9.664e-05,-0.1809
9.68e-05,-0.18432
9.696e-05,-0.085333
9.712e-05,0.32426
9.728e-05,0.18432
9.744e-05,0.17749
9.76e-05,0.1809
9.776e-05,0.18432
9.792e-05,0.1809
9.808e-05,0.16384
9.824e-05,0.16043
9.84e-05,0.16043
9.856e-05,0.15019
9.872e-05,0.14677
9.888e-05,0.12629
9.904e-05,0.13312
9.92e-05,0.12288
9.936e-05,0.12288
9.952e-05,0.11947
9.968e-05,0.11264
9.984e-05,0.11264
0.0001,0.1024
0.00010016,0.1024
0.00010032,0.10923
0.00010048,0.092159
0.00010064,0.085333
0.0001008,0.092159
0.00010096,0.085333
0.00010112,0.078506
0.00010128,0.075093
0.00010144,0.071679
0.0001016,0.061439
0.00010176,0.058026
0.00010192,0.058026
0.00010208,0.04096
0.00010224,0.044373
0.0001024,0.037546
0.00010256,0.034133
0.00010272,0.03072
0.00010288,0.023893
0.00010304,0.023893
0.0001032,0.02048
0.00010336,0.02048
0.00010352,0.0068266
0.00010368,0.013653
0.00010384,0
0.000104,0.0034133
0.00010416,0
0.00010432,-0.0034133
0.00010448,-0.017067
0.00010464,-0.017067
0.0001048,-0.023893
0.00010496,-0.03072
0.00010512,-0.034133
0.00010528,-0.04096
0.00010544,-0.044373
0.0001056,-0.0512
0.00010576,-0.0512
0.00010592,-0.058026
0.00010608,-0.058026
0.00010624,-0.078506
0.0001064,-0.061439
0.00010656,-0.075093
0.00010672,-0.068266
0.00010688,-0.081919
0.00010704,-0.075093
0.0001072,-0.064853
0.00010736,-0.088746
0.00010752,-0.085333
0.00010768,-0.098986
0.00010784,-0.10923
0.000108,-0.11264
0.00010816,-0.11605
0.00010832,-0.11947
0.00010848,-0.12288
0.00010864,-0.12971
0.0001088,-0.12971
0.00010896,-0.13653
0.00010912,-0.13995
0.00010928,-0.14677
0.00010944,-0.14677
0.0001096,-0.15019
0.00010976,-0.15019
0.00010992,-0.17408
0.00011008,-0.1536
0.00011024,-0.16384
0.0001104,-0.16725
0.00011056,-0.17408
0.00011072,-0.17067
0.00011088,0.25258
0.00011104,-0.12971
0.0001112,0.17067
0.00011136,0.19797
0.00011152,0.1809
0.00011168,0.17067
0.00011184,0.16384
0.000112,0.15701
0.00011216,0.15701
0.00011232,0.1536
0.00011248,0.1536
0.00011264,0.1536
0.0001128,0.13995
0.00011296,0.13653
0.00011312,0.13312
0.00011328,0.12971
0.00011344,0.12288
0.0001136,0.12288
0.00011376,0.11947
0.00011392,0.10923
0.00011408,0.10581
0.00011424,0.10581
0.0001144,0.095572
0.00011456,0.085333
0.00011472,0.081919
0.00011488,0.078506
0.00011504,0.075093
0.0001152,0.071679
0.00011536,0.071679
0.00011552,0.064853
0.00011568,0.061439
0.00011584,0.054613
0.000116,0.061439
0.00011616,0.0512
0.00011632,0.047786
0.00011648,0.044373
0.00011664,0.047786
0.0001168,0.017067
0.00011696,0.03072
0.00011712,0.02048
0.00011728,0.013653
0.00011744,0.013653
0.0001176,0.01024
0.00011776,0.0034133
0.00011792,-0.0068266
0.00011808,-0.0068266
0.00011824,-0.0068266
0.0001184,-0.01024
0.00011856,-0.017067
0.00011872,-0.017067
0.00011888,-0.023893
0.00011904,-0.023893
0.0001192,-0.023893
0.00011936,-0.03072
0.00011952,-0.04096
0.00011968,-0.037546
0.00011984,-0.044373
0.00012,-0.0512
0.00012016,-0.058026
0.00012032,-0.071679
0.00012048,-0.064853
0.00012064,-0.075093
0.0001208,-0.081919
0.00012096,-0.081919
0.00012112,-0.088746
0.00012128,-0.092159
0.00012144,-0.088746
0.0001216,-0.098986
0.00012176,-0.095572
0.00012192,-0.10581
0.00012208,-0.1024
0.00012224,-0.11605
0.0001224,-0.10923
0.00012256,-0.11264
0.00012272,-0.11947
0.00012288,-0.12629
0.00012304,-0.12971
0.0001232,-0.13653
0.00012336,-0.14677
0.00012352,-0.15019
0.00012368,-0.1536
0.00012384,-0.16043
0.000124,-0.16384
0.00012416,-0.16384
0.00012432,-0.17067
0.00012448,-0.16725
0.00012464,-0.17408
0.0001248,-0.17408
0.00012496,-0.17749
0.00012512,0.0034133
0.00012528,0.32085
0.00012544,0.21845
0.0001256,0.19456
0.00012576,0.19797
0.00012592,0.18432
0.00012608,0.17749
0.00012624,0.16043
0.0001264,0.16043
0.00012656,0.1536
0.00012672,0.14677
0.00012688,0.14336
0.00012704,0.13653
0.0001272,0.12971
0.00012736,0.12629
0.00012752,0.11947
0.00012768,0.12288
0.00012784,0.11605
0.000128,0.11264
0.00012816,0.10581
0.00012832,0.1024
0.00012848,0.1024
0.00012864,0.1024
0.0001288,0.095572
0.00012896,0.092159
0.00012912,0.081919
0.00012928,0.075093
0.00012944,0.071679
0.0001296,0.071679
0.00012976,0.068266
0.00012992,0.054613
0.00013008,0.054613
0.00013024,0.047786
0.0001304,0.044373
0.00013056,0.037546
0.00013072,0.03072
0.00013088,0.03072
0.00013104,0.034133
0.0001312,0.027306
0.00013136,0.027306
0.00013152,0.017067
0.00013168,0.013653
0.00013184,0.013653
0.000132,0.017067
0.00013216,0.013653
0.00013232,-0.0068266
0.00013248,-0.01024
0.00013264,-0.0068266
0.0001328,-0.013653
0.00013296,-0.02048
0.00013312,-0.034133
0.00013328,-0.034133
0.00013344,-0.037546
0.0001336,-0.044373
0.00013376,-0.04096
0.00013392,-0.054613
0.00013408,-0.047786
0.00013424,-0.0512
0.0001344,-0.054613
0.00013456,-0.064853
0.00013472,-0.071679
0.00013488,-0.064853
0.00013504,-0.071679
0.0001352,-0.068266
0.00013536,-0.078506
0.00013552,-0.092159
0.00013568,-0.092159
0.00013584,-0.095572
0.000136,-0.1024
0.00013616,-0.10923
0.00013632,-0.11947
0.00013648,-0.11605
0.00013664,-0.11947
0.0001368,-0.11947
0.00013696,-0.12288
0.00013712,-0.12288
0.00013728,-0.12971
0.00013744,-0.13653
0.0001376,-0.13995
0.00013776,-0.13653
0.00013792,-0.15019
0.00013808,-0.15019
0.00013824,-0.15019
0.0001384,-0.15701
0.00013856,-0.16725
0.00013872,-0.17408
0.00013888,-0.17749
0.00013904,-0.17749
0.0001392,-0.18432
0.00013936,0.085333
0.00013952,-0.058026
0.00013968,0.13653
0.00013984,0.17408
0.00014,0.18432
0.00014016,0.17408
0.00014032,0.16384
0.00014048,0.16384
0.00014064,0.16725
0.0001408,0.16384
0.00014096,0.1536
0.00014112,0.14677
0.00014128,0.14677
0.00014144,0.11264
0.0001416,0.13312
0.00014176,0.12629
0.00014192,0.11605
0.00014208,0.11605
0.00014224,0.10581
0.0001424,0.10581
0.00014256,0.098986
0.00014272,0.092159
0.00014288,0.092159
0.00014304,0.092159
0.0001432,0.088746
0.00014336,0.081919
0.00014352,0.075093
0.00014368,0.078506
0.00014384,0.068266
0.000144,0.071679
0.00014416,0.068266
0.00014432,0.054613
0.00014448,0.058026
0.00014464,0.047786
0.0001448,0.044373
0.00014496,0.04096
0.00014512,0.023893
0.00014528,0.027306
0.00014544,0.023893
0.0001456,0.017067
0.00014576,0.017067
0.00014592,0.0068266
0.00014608,0.01024
0.00014624,0.0034133
0.0001464,0
0.00014656,0
0.00014672,-0.013653
0.00014688,-0.013653
0.00014704,-0.01024
0.0001472,-0.013653
0.00014736,-0.027306
0.00014752,-0.023893
0.00014768,-0.027306
0.00014784,-0.037546
0.000148,-0.04096
0.00014816,-0.047786
0.00014832,-0.058026
0.00014848,-0.058026
0.00014864,-0.061439
0.0001488,-0.064853
0.00014896,-0.071679
0.00014912,-0.081919
0.00014928,-0.075093
0.00014944,-0.081919
0.0001496,-0.075093
0.00014976,-0.088746
0.00014992,-0.095572
0.00015008,-0.088746
0.00015024,-0.095572
0.0001504,-0.098986
0.00015056,-0.10581
0.00015072,-0.11947
0.00015088,-0.11605
0.00015104,-0.12288
0.0001512,-0.12629
0.00015136,-0.13653
0.00015152,-0.13995
0.00015168,-0.14336
0.00015184,-0.14336
0.000152,-0.14336
0.00015216,-0.1536
0.00015232,-0.16384
0.00015248,-0.16043
0.00015264,-0.1536
0.0001528,-0.15701
0.00015296,-0.16725
0.00015312,-0.17408
0.00015328,-0.17408
0.00015344,-0.16384
0.0001536,0.22186
0.00015376,-0.081919
0.00015392,0.15701
0.00015408,0.19114
0.00015424,0.18432
0.0001544,0.17408
0.00015456,0.16384
0.00015472,0.1536
0.00015488,0.1536
0.00015504,0.15019
0.0001552,0.14677
0.00015536,0.14336
0.00015552,0.13653
0.00015568,0.13653
0.00015584,0.12971
0.000156,0.13312
0.00015616,0.12288
0.00015632,0.11605
0.00015648,0.11947
0.00015664,0.11947
0.0001568,0.098986
0.00015696,0.1024
0.00015712,0.12288
0.00015728,0.088746
0.00015744,0.085333
0.0001576,0.081919
0.00015776,0.071679
0.00015792,0.061439
0.00015808,0.064853
0.00015824,0.061439
0.0001584,0.058026
0.00015856,0.0512
0.00015872,0.054613
0.00015888,0.0512
0.00015904,0.0512
0.0001592,0.044373
0.00015936,0.044373
0.00015952,0.034133
0.00015968,0.034133
0.00015984,0.023893