"V3 Ref","Qty","Description","LINK","Value","Breadboard Part","MF","MP","Role in circuit"
"MOC3","1","Optoisolator Triac Output 4170Vrms 1 Channel 6-DIP","https://www.digikey.com/en/products/detail/onsemi/MOC3053M/9764702","MOC3053M","Same part - already DIP-6","ONSEMI","MOC3053M","Random-phase triac driver, fan pulse (LED IFT 5mA)"
"U3","1","Optoisolator Transistor with Base Output 4170Vrms 1 Channel 6-DIP","https://www.digikey.com/en/products/detail/onsemi/H11AA1M/1053602","H11AA1M","Same part - already DIP-6","ON Semiconductor","H11AA1M","Zero-cross detector (AC input opto, back-to-back LEDs)"
"T3","1","12A RMS, 600V Off-State Voltage, 50mA Sensitivity, Snubberless, Insulated, Triac, TO-220","https://www.digikey.com/en/products/detail/stmicroelectronics/BTA12-600BWRG/654429","BTA12-600BWRG","Same part - already TO-220 (insulated tab)","STMicroelectronics","BTA12-600BWRG","Fan triac, A2=hot bus, A1=fan wire"
"R9","1","180 Ohms +/-5% 1W Through Hole Resistor Axial Flame Retardant Coating, Pulse Withstanding, Safety Metal Film","https://www.digikey.com/en/products/result?keywords=PR01000101800JR500","180 Ohm 1W","Vishay PR01 axial (replaces ERJ-UP6F1800V 0805)","Vishay BC Components","PR01000101800JR500","ESP32 FAN_IO (IO10) -> MOC3 pin 1 LED series, ~11.7mA"
"R6","1","180 Ohms +/-5% 1W Through Hole Resistor Axial Flame Retardant Coating, Pulse Withstanding, Safety Metal Film","https://www.digikey.com/en/products/result?keywords=PR01000101800JR500","180 Ohm 1W","Vishay PR01 axial (replaces ERJ-UP6F1800V 0805)","Vishay BC Components","PR01000101800JR500","MOC3 pin 6 -> AC-LOAD (hot), limits peak gate-fire current"
"R41,R42","2","15 kOhms +/-5% 1W Through Hole Resistor Axial Flame Retardant Coating, Fusible, Safety Metal Film","https://www.digikey.com/en/products/detail/vishay-beyschlag-draloric-bc-components/PR01000101502JR500/595984","15k Ohm 1W","Vishay PR01 axial (replaces ERJ-P08J153V 1206)","Vishay BC Components","PR01000101502JR500","AC hot -> R42 -> H11AA1 pin1; neutral -> R41 -> pin2 (~0.24W each)"
"R28","1","360 Ohms +/-5% 0.25W, 1/4W Through Hole Resistor Axial Carbon Film","https://www.digikey.com/en/products/detail/yageo/CFR-25JB-52-360R/1750","360 Ohm 1/4W","Yageo CFR-25 axial (replaces CRCW1206360RFKEA 1206)","YAGEO","CFR-25JB-52-360R","T3 gate-to-A1 resistor (noise immunity)"
"R43","1","10 kOhms +/-1% 0.25W, 1/4W Through Hole Resistor Axial Metal Film","https://www.digikey.com/en/products/detail/yageo/MFR-25FBF52-10K/13219","10k Ohm 1/4W","Yageo MFR-25 axial (replaces RC0402FR-0710KL 0402)","YAGEO","MFR-25FBF52-10K","ZC_DET pullup to +3.3V on H11AA1 collector (pin 5)"
"C42","1","1000 pF +/-10% 50V Ceramic Capacitor X7R Radial","https://www.digikey.com/en/products/detail/kemet/C315C102K5R5TA/3726135","1000pF 50V","KEMET Goldmax radial (replaces CL05B102KB5NNNC 0402)","KEMET","C315C102K5R5TA","ZC_DET filter cap, collector to GND"
