"Reference","Qty","Value","Footprint","MF","MP","Description","LINK","System"
"C1,C2,C3","3","0.01µF 305V X2","Capacitor_THT:C_Rect_L13.0mm_W4.0mm_P10.00mm_FKS3_FKP3_MKS4","TDK","B32921C3103M026 ","capacitor, US symbol","https://www.digikey.com/en/products/detail/tdk/B32921C3103M026/21191954","GRILL"
"C4","1","0.1µF 275V X2","Capacitor_THT:C_Rect_L13.0mm_W6.0mm_P10.00mm_FKS3_FKP3_MKS4","KEMET","R46KF310000M1M ","capacitor, small US symbol","https://www.digikey.com/en/products/detail/kemet/R46KF310000M1M/5177298","PS1"
"C5,C6","2","470pF 440V X1Y2","Capacitor_THT:C_Disc_D7.5mm_W5.0mm_P7.50mm","VISHAY","VY2471K29Y5SS63V7 ","capacitor, small US symbol","https://www.digikey.com/en/products/detail/vishay-beyschlag-draloric-bc-components/VY2471K29Y5SS63V7/1983391","PS1"
"C7","1","15µF 450V","Capacitor_THT:CP_Radial_D10.0mm_P5.00mm","Rubycon","450BXG15MEFC10X20 ","capacitor, small US symbol","https://www.digikey.com/en/products/detail/rubycon/450BXG15MEFC10X20/23330777","PS1"
"C8,C10,C38","3","10µF 25V","Capacitor_SMD:C_1206_3216Metric","KEMET","C1206C106K3RACTU ","Unpolarized capacitor","https://www.digikey.com/en/products/detail/kemet/C1206C106K3RACTU/3317648","PS2,PS3"
"C9,C17","2","0.1µF 25V","Capacitor_SMD:C_0805_2012Metric","KEMET","C0805C104K3RACTU ","Unpolarized capacitor","https://www.digikey.com/en/products/detail/kemet/C0805C104K3RACTU/411167","PS3"
"C11,C14","2","0.1µF 50V","Capacitor_SMD:C_0805_2012Metric","KEMET","C0805C104K5RACTU ","Unpolarized capacitor","https://www.digikey.com/en/products/detail/kemet/C0805C104K5RACTU/411169","PS2"
"C12","1","1000pF 440V Y5U","Capacitor_THT:C_Disc_D7.5mm_W5.0mm_P7.50mm","VISHAY","VY2102M29Y5US63V7 ","Unpolarized capacitor","https://www.digikey.com/en/products/detail/vishay-beyschlag-draloric-bc-components/VY2102M29Y5US63V7/1983393","PS1"
"C13","1","470µF 25V","Capacitor_THT:CP_Radial_D10.0mm_P5.00mm","KEMET","A750MS477M1EAAE015 ","capacitor, small US symbol","https://www.digikey.com/en/products/detail/kemet/A750MS477M1EAAE015/6196448","PS1"
"C15","1","220µF 35V","Capacitor_THT:CP_Radial_D8.0mm_P3.50mm","KYOCERA AVX","RPF0811221M035K ","capacitor, small US symbol","https://www.digikey.com/en/products/detail/kyocera-avx/RPF0811221M035K/20096675","PS1"
"C16","1","1µF 50V","Capacitor_SMD:C_0805_2012Metric_Pad1.18x1.45mm_HandSolder","KEMET","C0805C105K5RACTU ","Unpolarized capacitor","https://www.digikey.com/en/products/detail/kemet/C0805C105K5RACTU/3317615","PS3"
"C18,C19,C20","3","22µF 16V","Capacitor_SMD:C_1206_3216Metric","MURATA","GRM31CZ71C226ME15L ","Unpolarized capacitor","https://www.digikey.com/en/products/detail/murata-electronics/GRM31CZ71C226ME15L/13904808","PS2"
"C21,C22,C23,C24,C25,C26,C27,C28,C29,C30,C31,C32,C33,C34,C35","15","0.1µF 16V","Capacitor_SMD:C_0805_2012Metric","YAGEO","CC0805KRX7R7BB104 ","Unpolarized capacitor","https://www.digikey.com/en/products/detail/yageo/CC0805KRX7R7BB104/302876","MAX"
"C36","1","0.22µF 50V","Capacitor_SMD:C_0805_2012Metric_Pad1.18x1.45mm_HandSolder","KEMET","C0805C224K5RACTU ","Unpolarized capacitor","https://www.digikey.com/en/products/detail/kemet/C0805C224K5RACTU/754753","PS3"
"C37","1","1µF 25V","Capacitor_SMD:C_0805_2012Metric","KEMET","C0805C105K3RACTU","Unpolarized capacitor","https://www.digikey.com/en/products/detail/kemet/C0805C105K3RACTU/2211765","ESP"
"C39","1","0.1µF 25V","Capacitor_SMD:C_0805_2012Metric_Pad1.18x1.45mm_HandSolder","KEMET","C0805C104K3RACTU","Unpolarized capacitor","https://www.digikey.com/en/products/detail/kemet/C0805C104K3RACTU/411167","ESP"
"D1","1","SMBJ20A","SMBJ20A_PelletPirate:DIOM5436X261N_PelletPirate","Littelfuse","SMBJ20A","TVS Diode, 600W, 20V, -65 to 150 Operating Temp, Surface Mount, SMBJ Series | Littelfuse SMBJ20A","https://www.digikey.com/en/products/detail/littelfuse-inc/SMBJ20A/285988","PS1"
"D2","1","STPS0540Z","STPS0540Z_Schotty Diode LED:SOD-123","STMicroelectronics","STPS0540Z","Diode Schottky 40 V 500mA Surface Mount SOD-123","https://www.digikey.com/en/products/detail/stmicroelectronics/STPS0540Z/1039586","PS3"
"ESP2","1","ESP32-S3-WROOM-1U-N16R8-flyman","Expressif_S3_N16R8_Chip_N1U:ESP32-S3-WROOM-1U-flyman","Espressif Systems","ESP32-S3-WROOM-1U-N16R8","Bluetooth, WiFi 802.11b/g/n, Bluetooth v5.0 Transceiver Module 2.4GHz Antenna Not Included, U.FL Surface Mount","https://www.digikey.com/en/products/detail/espressif-systems/ESP32-S3-WROOM-1U-N16R8/16162641","ESP"
"Expand1","1","Conn_01x08","Connector_PinHeader_2.54mm:PinHeader_1x08_P2.54mm_Vertical","TE Connectivity","3-644695-8","Generic connector, single row, 01x08, script generated (kicad-library-utils/schlib/autogen/connector/)","https://www.digikey.com/en/products/detail/te-connectivity-amp-connectors/3-644695-8/698364","ESP"
"F1","1","Fuse 2A","0031.8201:SCHURTER_0031.8201","Schurter Inc.","0031.8201","Fuseholder, 250V, 10A, 22.5, 3 kV, @ 50 Hz, 1 Minute, Copper Alloy, OGN Series | Schurter 0031.8201","https://www.digikey.com/en/products/detail/schurter-inc/0031-8201/669925","PS1"
"FPC1","1","FH26W-39S-0.3SHW_60_","FPC_Connector_HiRose:HRS_FH26W-39S-0.3SHW_60_","Hirose Electric Co Ltd","FH26W-39S-0.3SHW(60)","39 Position FPC Connector Contacts, Bottom 0.012 (0.30mm) Surface Mount, Right Angle","https://www.digikey.com/en/products/detail/hirose-electric-co-ltd/FH26W-39S-0-3SHW-60/5132503","LCD"
"J1,J2,J3,J4,J5","5","SJ1-3523NG_Jack_PP","3.5mm_Jacks:CUI_SJ1-3523NG_PelletPirate","Same Sky","SJ1-3523NG","3.5 mm, Stereo, Right Angle, Through Hole, Isolated Ground, 3 Conductors, 0 Internal Switches, Audio Jack Connector","https://www.digikey.com/en/products/detail/same-sky-formerly-cui-devices/SJ1-3523NG/738692","MAX"
"J6","1","Conn_01x04","Connector_Hirose:Hirose_DF13-04P-1.25DSA_1x04_P1.25mm_Vertical","Hirose Electric Co Ltd","DF13-4P-1.25DSA(25)","Generic connector, single row, 01x04, script generated (kicad-library-utils/schlib/autogen/connector/)","https://www.digikey.com/en/products/detail/hirose-electric-co-ltd/DF13-4P-1-25DSA-25/15997347","ENCODER"
"J8","1","USB4105-GF-A_fly","USB_try2:GCT_USB4105-GF-A_flyman","GCT","USB4105-GF-A","USB-C (USB TYPE-C) USB 2.0 Receptacle Connector 24 (16+8 Dummy) Position Surface Mount, Right Angle; Through Hole","https://www.digikey.com/en/products/detail/gct/USB4105-GF-A/11198441","ESP"
"L1","1","2.2µH","2.2uH_Murata_1212_footprint:IND_LQH3NPH2R2MMEL","Murata","LQH3NPH2R2MMEL","Inductor with Inductance 2.2uH Tol.+/-20% Package 1212 (3030)","https://www.digikey.com/en/products/detail/murata-electronics/LQH3NPH2R2MMEL/12476579","PS1"
"L2","1","3.3µH","3.3uH_Inductor_Murata:IND_LQH43PN3R3M26L","Murata","LQH43PN3R3M26L","Inductor with Inductance: 3.3uH Tol. +/-20%, Package: 1812 (4532)","https://www.digikey.com/en/products/detail/murata-electronics/LQH43PN3R3M26L/4359202","PS2"
"L3","1","SRR4028-100Y","Inductors:SRR4028","Bourns","SRR4028","Power Inductors - SMD","https://www.digikey.com/en/products/detail/bourns-inc/SRR4028-100Y/1970246","PS3"
"LED1","1","LTST-C191KGKT_flyman","LED_light:D_0201_0603Metric_flyman","LiteOn","LTST-C191KGKT","Green 571nm LED Indication - Discrete 2V 0603 (1608 Metric)","https://www.digikey.com/en/products/detail/liteon/LTST-C191KGKT/386835","ESP"
"LF1","1","SSRH7H-M05408","Kermit_Choke_SSRH7H_MO5408:Kemet_Choke_SSRH7H_M05408","KEMET","SSRH7H-M05408","Generic common-mode choke, ferrite core, 1243 pin order","https://www.digikey.com/en/products/detail/kemet/SSRH7H-M05408/8509242","PS1"
"MAX1,MAX2,MAX3,MAX4,MAX5","5","MAX31865xTP","Package_DFN_QFN:TQFN-20-1EP_5x5mm_P0.65mm_EP3.25x3.25mm","ANALOG DEVICES","MAX31865ATP+ ","RTD-to-Digital Converter, TQFN-20","https://www.digikey.com/en/products/detail/analog-devices-inc-maxim-integrated/MAX31865ATP/3681476","MAX"
"MOC1,MOC2,MOC3","3","MOC3063M","MOC3063M-PP2:MOC3063M-PP2","ONSEMI","MOC3063M ","Zero Cross Opto-Triac, Vdrm 600V, Ift 5mA, DIP6","https://www.digikey.com/en/products/detail/onsemi/MOC3063M/281237","GRILL"
"MOV1","1","PP_14D561K","Varistors_PelletPirate:Varistor_14mm_p7.5mm","BOURNS","MOV-14D561K ","Voltage dependent resistor","https://www.digikey.com/en/products/detail/bourns-inc/MOV-14D561K/2798251","PS1"
"PS1","1","PBO-5F-12","NewPBO-5F-12-try:CONV_PBO-5F-12","Bel Fuse","PBO-5F-12","AC-DC Power Supply","https://www.digikey.com/en/products/detail/bel-power-solutions/PBO-5F-12/28717413","PS1"
"PS2","1","Buck 3.3V 2A","Buck_3.3V:SOT95P280X110-6N","Texas Instruments","TPS562201DDCR","4.5 V to 17 V input, 2 A output, synchronous step-down converter in Eco-mode","https://www.digikey.com/en/products/detail/texas-instruments/TPS562201DDCR/5808210","PS2"
"PS3","1","TPS61165DBVR","LED_Driver:SOT95P280X145-6N","Texas Instruments","TPS61165DBVR","High brightness white LED driver in 2mm x 2mm QFN Package","https://www.digikey.com/en/products/detail/texas-instruments/TPS61165DBVR/2340764","PS3"
"R1,R2,R3","3","39Ω 1W","Resistor_SMD:R_2512_6332Metric","VISHAY","CRCW251239R0FKEG ","Resistor, US symbol","https://www.digikey.com/en/products/detail/vishay-dale/CRCW251239R0FKEG/1199024","GRILL"
"R4,R5,R6,R26,R27,R28","6","360Ω 1/4W","Resistor_SMD:R_1206_3216Metric","VISHAY","CRCW1206360RFKEA ","Resistor, US symbol","https://www.digikey.com/en/products/detail/vishay-dale/CRCW1206360RFKEA/1176592","GRILL"
"R7,R8,R9","3","330Ω","Resistor_SMD:R_0805_2012Metric_Pad1.20x1.40mm_HandSolder","PANASONIC","ERJ-U06F3300V ","Resistor, US symbol","https://www.digikey.com/en/products/detail/panasonic-industry/ERJ-U06F3300V/11630222","GRILL"
"R15","1","100KΩ","Resistor_SMD:R_0805_2012Metric_Pad1.20x1.40mm_HandSolder","Stackpole Electronics","RMCF0805FT100K ","Resistor, US symbol","https://www.digikey.com/en/products/detail/stackpole-electronics-inc/RMCF0805FT100K/1760712","GRILL"
"R16","1","100KΩ","Resistor_SMD:R_0603_1608Metric_Pad0.98x0.95mm_HandSolder","YAGEO","RC0603FR-07100KL ","Resistor","https://www.digikey.com/en/products/detail/yageo/RC0603FR-07100KL/726889","GRILL"
"R17","1","4.99Ω 1%","Resistor_SMD:R_1206_3216Metric_Pad1.30x1.75mm_HandSolder","YAGEO","RC1206FR-074R99L ","Resistor","https://www.digikey.com/en/products/detail/yageo/RC1206FR-074R99L/728895","GRILL"
"R19","1","33.2KΩ","Resistor_SMD:R_0805_2012Metric_Pad1.20x1.40mm_HandSolder","YAGEO","RC0805FR-0733K2L ","Resistor, US symbol","https://www.digikey.com/en/products/detail/yageo/RC0805FR-0733K2L/727865","PS2"
"R20,R30,R31,R32,R33,R34,R35,R36","8","10KΩ","Resistor_SMD:R_0805_2012Metric_Pad1.20x1.40mm_HandSolder","YAGEO","RC0805FR-0710KL ","Pulldown Resistor for LCD,Pullup for EN pin,Resistor, US symbol","https://www.digikey.com/en/products/detail/yageo/RC0805FR-0710KL/727535","ESP"
"R21,R22,R23,R24,R25","5","400Ω","Resistor_SMD:R_1206_3216Metric","YAGEO","RT1206BRD07400RL ","Resistor, US symbol","https://www.digikey.com/en/products/detail/yageo/RT1206BRD07400RL/5936956","GRILL"
"R37,R38","2","5.1KΩ","Resistor_SMD:R_0603_1608Metric","Stackpole Electronics","RMCF0603FT5K10","Pulldown Resistor for LCD,Pulldown Resistor for USB","https://www.digikey.com/en/products/detail/stackpole-electronics-inc/RMCF0603FT5K10/1760908","ESP"
"R39","1","1KΩ","Resistor_SMD:R_0603_1608Metric","Stackpole Electronics","RMCF0603FT1K00","Power LED Resistor","https://www.digikey.com/en/products/detail/stackpole-electronics-inc/RMCF0603FT1K00/1761077","ESP"
"S1","1","RESET","Switch_B3F_1000:SW_B3F-1000","Omron","B3F-1000","Tactile Switch SPST-NO Top Actuated Through Hole","https://www.digikey.com/en/products/detail/omron-electronics-inc-emc-div/B3F-1000/33150","ESP"
"S2","1","BOOT","Switch_B3F_1000:SW_B3F-1000","Omron","B3F-1000","Tactile Switch SPST-NO Top Actuated Through Hole","https://www.digikey.com/en/products/detail/omron-electronics-inc-emc-div/B3F-1000/33150","ESP"
"T1","1","Igniter","Package_TO_SOT_THT:TO-220-3_Vertical","STMicroelectronics","BTA12-600BWRG ","12A RMS, 600V Off-State Voltage, 50mA Sensitivity, Snubberless, Insulated, Triac, TO-220","https://www.digikey.com/en/products/detail/stmicroelectronics/BTA12-600BWRG/654429","GRILL"
"T2","1","Auger","Package_TO_SOT_THT:TO-220-3_Vertical","STMicroelectronics","BTA12-600BWRG ","12A RMS, 600V Off-State Voltage, 50mA Sensitivity, Snubberless, Insulated, Triac, TO-220","https://www.digikey.com/en/products/detail/stmicroelectronics/BTA12-600BWRG/654429","GRILL"
"T3","1","Fan","Package_TO_SOT_THT:TO-220-3_Vertical","STMicroelectronics","BTA12-600BWRG ","12A RMS, 600V Off-State Voltage, 50mA Sensitivity, Snubberless, Insulated, Triac, TO-220","https://www.digikey.com/en/products/detail/stmicroelectronics/BTA12-600BWRG/654429","GRILL"
"U1","1","USBLC6-2SC6","USBC6-2SC6:SOT95P280X145-6N","STMicroelectronics","USBLC6-2SC6","17V Clamp 5A (8/20µs) Ipp Tvs Diode Surface Mount SOT-23-6","https://www.digikey.com/en/products/detail/stmicroelectronics/USBLC6-2SC6/1040559","ESP"
